,A,B,C,D
2000-01-01,0.561,-0.448,-1.01,1.895
2000-01-02,1.105,-0.625,0.397,1.693
2000-01-03,1.755,-0.642,1.634,2.295
2000-01-04,0.823,-0.669,1.248,2.67
2000-01-05,1.613,-0.335,1.077,1.266
2000-01-06,1.39,-0.764,0.468,0.66
2000-01-07,1.074,-1.18,0.502,3.169
2000-01-08,1.534,-1.801,-0.238,1.867
2000-01-09,2.234,-2.691,-0.893,0.296
2000-01-10,1.831,-1.464,0.045,-0.883
2000-01-11,1.506,-2.895,-0.528,0.034
2000-01-12,2.233,-3.461,-0.524,-1.561
2000-01-13,1.267,-3.44,-1.49,-1.994
2000-01-14,1.526,-3.26,-3.191,-0.356
2000-01-15,0.731,-3.226,-3.083,-0.785
2000-01-16,0.451,-4.057,-3.245,-0.707
2000-01-17,1.75,-4.479,-3.408,-0.625
2000-01-18,0.869,-5.771,-1.694,0.615
2000-01-19,1.585,-5.6,-1.897,-0.156
2000-01-20,2.923,-6.745,-1.587,-1.509
2000-01-21,3.138,-5.515,-2.095,-2.552
2000-01-22,2.87,-3.292,-0.977,-3.669
2000-01-23,0.907,-5.864,-0.674,-5.352
2000-01-24,2.329,-7.025,-2.633,-4.14
2000-01-25,3.316,-7.379,-0.475,-5.919
2000-01-26,4.796,-8.512,-0.339,-5.431
2000-01-27,4.146,-8.229,-0.283,-4.68
2000-01-28,5.568,-9.078,2.105,-5.159
2000-01-29,5.814,-9.418,4.329,-6.134
2000-01-30,5.861,-8.781,4.712,-5.56
2000-01-31,7.475,-7.399,5.474,-5.515
2000-02-01,8.738,-8.547,5.101,-5.499
2000-02-02,9.408,-8.527,5.919,-6.017
2000-02-03,8.948,-8.096,6.705,-6.505
2000-02-04,8.244,-8.58,7.863,-5.004
2000-02-05,6.994,-8.307,6.942,-5.335
2000-02-06,5.864,-10.684,5.93,-2.397
2000-02-07,6.41,-12.574,5.473,-0.78
2000-02-08,5.269,-11.57,6.23,-0.205
2000-02-09,4.798,-11.837,4.971,0.223
2000-02-10,3.611,-11.824,5.582,-2.156
2000-02-11,4.93,-11.907,6.281,-2.694
2000-02-12,4.091,-11.132,7.216,-1.83
2000-02-13,4.713,-10.96,6.278,-1.54
2000-02-14,3.64,-10.924,5.661,-1.749
2000-02-15,2.979,-9.754,6.53,-2.172
2000-02-16,2.823,-9.995,6.486,-3.278
2000-02-17,3.544,-9.142,7.662,-3.312
2000-02-18,4.919,-8.409,8.646,-3.278
2000-02-19,4.928,-9.109,9.684,-3.365
2000-02-20,5.701,-8.932,10.244,-2.741
2000-02-21,4.804,-7.706,9.176,-3.455
2000-02-22,4.869,-8.885,8.692,-3.774
2000-02-23,4.985,-7.619,9.432,-3.039
2000-02-24,5.703,-7.482,9.073,-4.538
2000-02-25,7.176,-7.837,9.985,-3.179
2000-02-26,7.869,-9.393,9.761,-3.674
2000-02-27,6.593,-9.317,9.507,-1.852
2000-02-28,7.22,-7.506,9.661,-0.841
2000-02-29,7.828,-7.759,8.927,-2.706
2000-03-01,8.114,-6.496,8.697,-2.661
2000-03-02,8.406,-7.376,10.092,-1.766
2000-03-03,9.71,-6.382,7.682,-1.272
2000-03-04,9.738,-8.27,7.277,-1.46
2000-03-05,8.173,-8.106,8.326,-1.658
2000-03-06,7.76,-8.04,7.755,-2.266
2000-03-07,6.808,-10.146,8.622,-3.129
2000-03-08,6.584,-10.28,10.64,-3.813
2000-03-09,7.298,-10.024,10.239,-5.135
2000-03-10,8.388,-8.106,10.194,-3.908
2000-03-11,8.998,-8.934,9.552,-4.85
2000-03-12,7.16,-9.737,7.905,-5.793
2000-03-13,6.226,-11.722,9.61,-6.234
2000-03-14,5.19,-13.352,9.08,-6.943
2000-03-15,5.583,-13.347,7.863,-9.164
2000-03-16,7.823,-15.682,7.879,-8.994
2000-03-17,6.984,-16.095,7.499,-9.364
2000-03-18,7.622,-16.674,6.737,-9.198
2000-03-19,6.958,-16.864,6.947,-9.503
2000-03-20,8.484,-14.89,7.206,-8.317
2000-03-21,9.587,-15.029,8.523,-7.106
2000-03-22,8.925,-14.892,7.538,-8.301
2000-03-23,9.805,-14.142,8.483,-7.677
2000-03-24,9.675,-16.159,8.147,-7.104
2000-03-25,8.076,-15.878,9.701,-7.059
2000-03-26,7.604,-16.41,10.256,-7.311
2000-03-27,7.575,-16.56,10.561,-6.944
2000-03-28,9.0,-16.339,10.583,-6.445
2000-03-29,8.708,-16.6,11.365,-7.678
2000-03-30,9.079,-15.364,10.355,-8.952
2000-03-31,10.677,-14.756,10.951,-7.383
2000-04-01,11.579,-14.877,10.981,-9.054
2000-04-02,9.289,-15.339,10.762,-8.442
2000-04-03,10.304,-14.163,11.587,-5.984
2000-04-04,10.004,-14.244,11.567,-6.148
2000-04-05,10.076,-13.415,12.794,-6.136
2000-04-06,10.047,-12.97,13.138,-7.251
2000-04-07,11.243,-11.556,12.734,-7.854
2000-04-08,12.764,-8.938,13.057,-8.165
2000-04-09,13.027,-7.602,11.81,-9.293
2000-04-10,11.563,-8.365,11.868,-7.91
2000-04-11,12.092,-9.41,12.193,-7.769
2000-04-12,11.984,-9.08,14.154,-6.677
2000-04-13,12.655,-9.439,13.33,-5.154
2000-04-14,13.929,-8.924,14.084,-5.073
2000-04-15,15.297,-8.573,14.876,-3.83
2000-04-16,15.196,-6.994,14.352,-3.994
2000-04-17,16.168,-7.319,13.132,-3.129
2000-04-18,15.96,-5.348,12.504,-3.189
2000-04-19,14.049,-4.842,13.85,-2.697
2000-04-20,16.245,-4.974,14.848,-2.524
2000-04-21,18.753,-4.545,14.82,-3.769
2000-04-22,19.978,-3.261,14.242,-2.555
2000-04-23,19.669,-3.161,14.424,-1.325
2000-04-24,19.715,-3.465,14.098,-0.899
2000-04-25,20.354,-4.715,14.123,-0.377
2000-04-26,22.139,-4.762,14.806,0.753
2000-04-27,23.52,-5.324,14.914,2.951
2000-04-28,24.736,-5.808,15.463,3.394
2000-04-29,23.825,-6.467,14.623,2.219
2000-04-30,22.97,-5.595,16.019,2.796
2000-05-01,21.67,-4.751,17.127,3.101
2000-05-02,22.986,-4.103,18.325,2.555
2000-05-03,22.466,-2.156,18.764,4.731
2000-05-04,23.315,-1.337,16.731,5.036
2000-05-05,22.794,0.106,14.977,5.102
2000-05-06,20.571,-0.474,15.67,5.485
2000-05-07,20.483,-0.981,16.281,5.571
2000-05-08,20.357,-1.75,15.531,5.186
2000-05-09,20.057,-2.63,15.185,6.092
2000-05-10,20.976,-2.672,16.067,6.324
2000-05-11,22.257,-4.204,18.671,6.008
2000-05-12,23.132,-5.269,17.568,7.458
2000-05-13,22.242,-6.29,17.468,8.202
2000-05-14,21.711,-7.189,19.306,7.038
2000-05-15,20.497,-7.272,18.447,8.209
2000-05-16,21.722,-8.407,17.358,7.256
2000-05-17,22.841,-8.868,16.917,7.578
2000-05-18,22.575,-8.44,16.761,6.831
2000-05-19,22.259,-7.195,17.404,9.35
2000-05-20,23.914,-7.054,15.924,11.76
2000-05-21,22.985,-7.292,17.492,11.648
2000-05-22,22.94,-6.95,17.728,9.837
2000-05-23,23.933,-6.292,17.674,8.675
2000-05-24,22.53,-4.666,17.269,9.602
2000-05-25,20.359,-5.676,16.775,9.757
2000-05-26,19.965,-6.521,17.729,9.177
2000-05-27,22.373,-6.913,17.345,8.435
2000-05-28,23.618,-5.849,17.351,8.403
2000-05-29,25.523,-6.459,17.037,8.265
2000-05-30,26.021,-8.824,16.544,9.162
2000-05-31,26.224,-9.225,18.585,8.745
2000-06-01,27.473,-6.865,19.617,7.541
2000-06-02,26.581,-7.203,20.066,7.78
2000-06-03,26.108,-7.72,19.4,7.661
2000-06-04,25.581,-6.844,18.267,5.266
2000-06-05,27.845,-6.566,17.491,4.233
2000-06-06,28.988,-7.482,18.813,5.07
2000-06-07,28.951,-6.51,20.416,3.38
2000-06-08,28.925,-8.586,19.362,3.208
2000-06-09,30.032,-9.829,19.144,4.243
2000-06-10,30.429,-8.057,17.856,3.534
2000-06-11,30.354,-7.807,20.445,3.873
2000-06-12,30.326,-9.365,18.559,3.949
2000-06-13,29.866,-10.376,18.125,4.56
2000-06-14,28.327,-9.337,18.516,4.802
2000-06-15,28.394,-9.239,19.591,2.991
2000-06-16,27.808,-10.451,19.881,3.229
2000-06-17,28.285,-10.638,19.074,1.919
2000-06-18,27.703,-11.823,21.426,1.013
2000-06-19,27.645,-10.491,22.388,1.233
2000-06-20,28.097,-8.226,23.002,0.632
2000-06-21,27.229,-9.205,21.273,0.659
2000-06-22,27.795,-10.16,22.184,0.939
2000-06-23,26.657,-11.159,22.598,1.273
2000-06-24,24.702,-11.11,23.356,0.704
2000-06-25,24.313,-11.421,22.588,-0.024
2000-06-26,23.091,-11.133,22.029,-0.527
2000-06-27,21.235,-11.176,25.34,1.457
2000-06-28,20.028,-12.544,26.257,3.998
2000-06-29,20.675,-13.54,26.726,4.498
2000-06-30,19.907,-15.169,26.848,6.574
2000-07-01,20.674,-14.429,25.205,5.605
2000-07-02,19.733,-14.825,23.782,5.86
2000-07-03,19.925,-16.036,23.779,6.764
2000-07-04,20.077,-16.532,23.004,5.421
2000-07-05,19.671,-17.142,24.068,4.352
2000-07-06,19.41,-17.732,23.099,2.71
2000-07-07,19.951,-15.673,23.016,2.372
2000-07-08,18.678,-15.525,24.117,2.015
2000-07-09,19.548,-15.796,23.739,2.318
2000-07-10,20.651,-15.862,25.097,2.079
2000-07-11,21.029,-16.436,25.95,2.485
2000-07-12,19.957,-17.061,25.094,2.248
2000-07-13,20.117,-16.572,25.458,2.472
2000-07-14,21.326,-17.898,26.586,2.382
2000-07-15,22.083,-18.188,27.621,2.697
2000-07-16,22.458,-18.318,27.685,3.178
2000-07-17,22.301,-17.589,26.938,2.842
2000-07-18,22.439,-16.028,25.945,1.896
2000-07-19,23.86,-15.418,27.438,0.912
2000-07-20,22.866,-15.461,28.894,1.75
2000-07-21,23.203,-15.81,27.937,3.321
2000-07-22,23.228,-13.546,27.969,4.69
2000-07-23,24.38,-12.216,25.907,4.044
2000-07-24,26.105,-13.012,24.115,5.435
2000-07-25,27.215,-12.438,24.926,4.777
2000-07-26,26.814,-11.788,23.712,3.885
2000-07-27,27.374,-11.311,22.693,1.623
2000-07-28,24.884,-11.697,22.84,2.438
2000-07-29,24.703,-11.284,21.962,2.564
2000-07-30,25.826,-10.383,21.771,-0.056
2000-07-31,24.685,-10.022,21.848,0.454
2000-08-01,25.674,-9.857,21.925,-0.848
2000-08-02,25.608,-6.94,23.458,-1.057
2000-08-03,25.087,-8.051,23.907,-1.04
2000-08-04,24.522,-8.608,24.321,-0.349
2000-08-05,23.965,-9.429,21.756,-0.811
2000-08-06,22.784,-9.229,24.002,0.413
2000-08-07,24.497,-8.943,25.135,0.581
2000-08-08,25.735,-9.517,23.721,-0.015
2000-08-09,25.547,-9.935,22.356,-0.655
2000-08-10,27.439,-9.767,22.872,-1.083
2000-08-11,27.811,-10.903,22.719,-1.482
2000-08-12,27.278,-11.226,22.928,0.745
2000-08-13,27.998,-12.163,23.177,1.632
2000-08-14,27.282,-10.893,23.888,1.958
2000-08-15,28.419,-11.96,24.743,2.444
2000-08-16,28.493,-11.778,24.711,1.279
2000-08-17,29.537,-9.95,24.485,2.552
2000-08-18,28.885,-10.419,24.267,2.699
2000-08-19,27.708,-11.334,24.6,1.542
2000-08-20,28.004,-11.028,24.973,0.115
2000-08-21,27.848,-11.314,24.273,-1.832
2000-08-22,28.339,-11.354,25.022,-2.947
2000-08-23,28.374,-14.007,24.312,-1.431
2000-08-24,26.526,-13.809,24.803,-2.932
2000-08-25,26.818,-15.144,24.518,-2.602
2000-08-26,29.363,-16.902,25.475,-2.87
2000-08-27,28.092,-16.301,27.054,-2.052
2000-08-28,26.453,-17.552,27.172,-2.799
2000-08-29,25.301,-19.05,27.201,-0.958
2000-08-30,24.72,-19.6,29.617,-1.179
2000-08-31,23.884,-20.967,29.391,-0.756
2000-09-01,23.102,-20.329,28.536,0.241
2000-09-02,20.5,-20.446,28.82,0.321
2000-09-03,18.784,-20.456,29.77,0.035
2000-09-04,19.589,-19.662,29.424,-0.845
2000-09-05,18.588,-20.888,29.713,1.344
2000-09-06,18.687,-19.229,29.776,2.061
2000-09-07,17.807,-20.5,28.096,2.422
2000-09-08,17.761,-21.61,26.229,1.481
2000-09-09,17.301,-20.4,25.28,1.439
2000-09-10,16.247,-22.14,25.573,2.019
2000-09-11,16.35,-22.224,27.512,1.9
2000-09-12,16.199,-22.123,27.578,1.962
2000-09-13,16.865,-23.512,29.053,0.797
2000-09-14,16.297,-23.74,28.39,0.624
2000-09-15,14.701,-22.724,28.576,-0.042
2000-09-16,15.334,-21.134,29.824,0.036
2000-09-17,16.154,-20.152,29.329,-0.108
2000-09-18,17.026,-20.698,28.527,0.303
2000-09-19,18.637,-21.683,28.965,0.296
2000-09-20,19.462,-22.327,29.538,0.25
2000-09-21,22.419,-22.692,28.388,-0.042
2000-09-22,21.275,-20.966,28.3,-0.291
2000-09-23,21.061,-19.415,28.805,-1.071
2000-09-24,21.29,-19.522,29.011,-1.012
2000-09-25,20.77,-18.056,29.769,-0.872
2000-09-26,20.877,-17.746,30.392,0.726
2000-09-27,21.149,-17.498,32.046,1.911
2000-09-28,22.209,-14.744,35.429,1.431
2000-09-29,22.438,-15.621,33.186,3.22
2000-09-30,22.924,-15.589,33.596,1.722
2000-10-01,22.892,-16.547,33.989,2.114
2000-10-02,23.235,-16.058,34.967,2.07
2000-10-03,22.066,-17.128,36.271,-0.358
2000-10-04,23.806,-16.842,37.653,1.254
2000-10-05,25.0,-17.083,38.808,0.834
2000-10-06,22.876,-15.475,39.062,0.533
2000-10-07,24.379,-14.394,39.093,2.265
2000-10-08,26.614,-16.072,38.891,2.122
2000-10-09,24.984,-16.519,38.319,2.304
2000-10-10,25.34,-16.717,36.419,2.384
2000-10-11,26.068,-18.44,37.649,4.514
2000-10-12,25.446,-19.933,38.039,6.686
2000-10-13,27.599,-18.727,36.698,7.954
2000-10-14,26.911,-17.556,36.64,9.06
2000-10-15,26.643,-17.738,38.001,9.147
2000-10-16,26.469,-17.414,37.354,6.823
2000-10-17,26.321,-17.978,37.114,7.62
2000-10-18,26.396,-16.339,37.449,6.855
2000-10-19,25.799,-16.664,37.178,6.669
2000-10-20,26.911,-16.625,36.211,6.336
2000-10-21,25.934,-16.021,37.222,6.738
2000-10-22,27.402,-14.667,38.029,7.239
2000-10-23,27.379,-14.98,36.5,8.232
2000-10-24,25.76,-14.404,35.837,7.525
2000-10-25,24.258,-14.83,36.141,5.934
2000-10-26,24.333,-13.077,36.628,6.284
2000-10-27,24.28,-12.869,35.735,6.897
2000-10-28,24.105,-12.574,36.411,8.627
2000-10-29,22.389,-12.939,36.384,7.435
2000-10-30,22.389,-12.687,36.923,7.295
2000-10-31,21.614,-11.305,36.639,6.198
2000-11-01,20.853,-11.157,36.608,6.455
2000-11-02,21.902,-11.26,36.52,5.489
2000-11-03,22.415,-9.257,35.863,7.075
2000-11-04,24.362,-10.615,34.088,8.137
2000-11-05,22.83,-11.514,34.338,9.598
2000-11-06,22.38,-11.93,35.409,10.158
2000-11-07,21.44,-11.948,35.303,10.451
2000-11-08,19.15,-12.055,35.504,9.577
2000-11-09,18.353,-12.732,36.545,8.847
2000-11-10,18.642,-12.356,37.683,7.857
2000-11-11,18.209,-12.413,36.438,8.094
2000-11-12,21.003,-14.819,36.333,7.211
2000-11-13,19.856,-13.68,36.349,8.701
2000-11-14,20.298,-13.134,36.885,9.684
2000-11-15,19.737,-11.966,37.107,9.047
2000-11-16,21.549,-11.616,36.286,9.637
2000-11-17,21.206,-10.645,36.254,9.998
2000-11-18,20.805,-11.38,37.49,11.591
2000-11-19,20.3,-11.261,36.679,11.258
2000-11-20,20.686,-11.232,35.78,12.087
2000-11-21,19.661,-11.497,35.328,12.67
2000-11-22,19.969,-11.887,34.843,14.641
2000-11-23,20.611,-11.632,35.946,14.34
2000-11-24,21.701,-10.363,35.554,13.741
2000-11-25,22.298,-11.017,36.546,14.465
2000-11-26,22.891,-11.811,35.259,16.363
2000-11-27,21.656,-11.62,36.394,17.3
2000-11-28,20.668,-11.553,37.897,16.504
2000-11-29,18.143,-13.671,39.104,16.699
2000-11-30,18.224,-14.22,39.006,17.195
2000-12-01,18.538,-13.505,39.232,17.184
2000-12-02,19.422,-13.582,39.166,18.276
2000-12-03,18.425,-13.281,38.772,18.539
2000-12-04,16.992,-13.458,37.501,18.111
2000-12-05,17.859,-13.446,35.931,19.059
2000-12-06,17.882,-11.894,36.555,17.917
2000-12-07,19.016,-10.522,35.599,18.454
2000-12-08,18.236,-11.001,35.393,17.547
2000-12-09,18.608,-11.236,34.838,17.826
2000-12-10,18.064,-12.1,33.972,18.232
2000-12-11,18.201,-10.291,32.095,18.642
2000-12-12,17.105,-9.975,32.516,18.567
2000-12-13,15.49,-8.862,31.859,20.676
2000-12-14,16.115,-9.717,32.527,20.456
2000-12-15,16.558,-9.054,32.442,20.094
2000-12-16,17.011,-9.156,32.889,18.412
2000-12-17,17.367,-10.416,33.077,19.872
2000-12-18,16.635,-9.536,33.318,19.937
2000-12-19,19.203,-10.776,34.251,19.649
2000-12-20,18.041,-10.69,32.649,18.256
2000-12-21,17.353,-11.441,34.769,18.688
2000-12-22,18.026,-11.668,35.404,18.913
2000-12-23,19.722,-12.554,35.374,19.028
2000-12-24,16.87,-11.738,35.333,18.952
2000-12-25,15.498,-11.44,34.121,19.889
2000-12-26,15.217,-10.512,32.935,19.715
2000-12-27,15.034,-11.565,31.951,20.217
2000-12-28,14.898,-12.048,32.697,20.624
2000-12-29,15.113,-12.754,32.678,19.717
2000-12-30,15.191,-14.066,33.327,19.098
2000-12-31,15.409,-14.494,34.839,18.835
2001-01-01,15.608,-15.683,32.016,19.822
2001-01-02,14.579,-15.434,34.687,20.417
2001-01-03,14.735,-14.959,35.435,21.926
2001-01-04,13.846,-12.845,35.538,22.141
2001-01-05,14.563,-15.809,35.113,23.584
2001-01-06,15.651,-17.195,35.418,23.13
2001-01-07,15.143,-17.944,35.756,22.717
2001-01-08,15.621,-18.593,34.652,23.288
2001-01-09,14.256,-16.817,34.586,24.513
2001-01-10,15.407,-16.988,34.893,24.097
2001-01-11,14.749,-17.693,31.427,22.665
2001-01-12,12.771,-17.292,31.344,23.134
2001-01-13,11.168,-15.663,29.952,23.368
2001-01-14,12.085,-15.307,31.161,23.475
2001-01-15,12.543,-14.792,30.619,24.779
2001-01-16,14.016,-14.405,30.57,26.203
2001-01-17,12.976,-17.056,29.058,26.977
2001-01-18,12.733,-16.573,30.373,26.171
2001-01-19,12.687,-17.274,30.516,26.391
2001-01-20,10.512,-16.527,30.397,26.106
2001-01-21,10.864,-15.6,30.249,27.912
2001-01-22,10.482,-14.148,29.776,28.237
2001-01-23,10.201,-15.175,29.727,28.006
2001-01-24,10.673,-13.488,27.379,29.003
2001-01-25,10.331,-14.334,28.838,29.73
2001-01-26,10.463,-14.625,29.723,29.675
2001-01-27,10.49,-14.875,30.978,30.442
2001-01-28,11.714,-14.674,31.592,28.724
2001-01-29,9.659,-14.299,32.373,27.714
2001-01-30,9.002,-14.361,31.214,26.602
2001-01-31,10.416,-14.522,30.624,24.187
2001-02-01,10.131,-14.961,31.651,23.929
2001-02-02,10.974,-13.954,30.66,24.893
2001-02-03,12.288,-14.834,30.792,26.093
2001-02-04,13.656,-15.808,31.905,26.393
2001-02-05,13.761,-15.323,32.342,26.508
2001-02-06,13.46,-15.695,31.618,23.854
2001-02-07,14.779,-16.278,32.032,22.863
2001-02-08,14.683,-15.451,32.708,23.974
2001-02-09,15.494,-15.12,32.128,24.502
2001-02-10,14.991,-15.033,32.053,24.357
2001-02-11,11.987,-14.208,32.47,24.35
2001-02-12,13.341,-12.862,32.775,25.651
2001-02-13,11.695,-12.735,33.263,24.986
2001-02-14,13.005,-14.408,33.175,24.924
2001-02-15,11.991,-13.973,31.841,25.094
2001-02-16,10.575,-15.034,32.757,24.987
2001-02-17,11.317,-15.449,32.319,25.018
2001-02-18,9.694,-14.965,33.617,24.851
2001-02-19,10.493,-15.373,34.01,26.925
2001-02-20,12.372,-13.567,34.595,27.038
2001-02-21,12.586,-13.233,35.481,26.337
2001-02-22,12.743,-12.302,33.874,25.526
2001-02-23,12.335,-12.124,33.96,24.578
2001-02-24,13.724,-12.22,33.952,24.114
2001-02-25,14.063,-12.525,33.942,23.614
2001-02-26,13.417,-11.586,33.829,23.233
2001-02-27,14.031,-11.136,35.269,23.035
2001-02-28,14.117,-10.185,35.473,22.833
2001-03-01,15.03,-9.796,32.848,22.112
2001-03-02,14.116,-10.564,34.886,23.294
2001-03-03,14.266,-10.862,36.056,23.356
2001-03-04,15.345,-10.135,33.865,25.005
2001-03-05,13.637,-10.866,30.155,25.572
2001-03-06,14.378,-10.507,29.807,24.746
2001-03-07,13.209,-13.015,30.283,24.979
2001-03-08,14.048,-11.589,30.847,25.291
2001-03-09,12.449,-9.215,31.332,27.807
2001-03-10,10.931,-7.833,29.951,28.183
2001-03-11,8.826,-8.742,30.348,28.932
2001-03-12,8.432,-9.559,30.874,28.944
2001-03-13,8.93,-10.5,31.186,28.454
2001-03-14,6.914,-9.279,30.593,29.355
2001-03-15,6.671,-8.154,28.355,29.499
2001-03-16,6.99,-8.013,29.596,30.448
2001-03-17,5.268,-9.485,29.143,30.214
2001-03-18,4.756,-10.275,28.98,31.454
2001-03-19,5.954,-10.765,28.025,31.418
2001-03-20,6.145,-9.728,29.865,31.071
2001-03-21,5.412,-10.203,30.168,31.276
2001-03-22,4.644,-12.464,29.84,32.646
2001-03-23,3.919,-12.777,29.273,31.903
2001-03-24,3.287,-12.334,28.703,32.391
2001-03-25,2.472,-11.9,28.22,32.01
2001-03-26,2.106,-10.598,28.093,30.724
2001-03-27,2.35,-10.411,26.465,29.443
2001-03-28,4.963,-11.223,26.914,28.25
2001-03-29,4.403,-11.465,26.519,27.464
2001-03-30,3.756,-11.455,27.398,26.196
2001-03-31,3.199,-9.185,26.894,27.396
2001-04-01,1.897,-8.992,27.695,27.62
2001-04-02,3.698,-9.133,26.16,28.193
2001-04-03,4.445,-8.555,26.847,28.658
2001-04-04,5.631,-8.606,29.803,26.911
2001-04-05,5.107,-9.303,29.415,27.083
2001-04-06,4.919,-11.168,31.435,26.033
2001-04-07,5.297,-11.08,31.21,25.34
2001-04-08,5.528,-10.643,31.71,25.923
2001-04-09,4.337,-9.174,33.204,26.934
2001-04-10,5.394,-8.232,34.499,28.493
2001-04-11,5.918,-8.122,35.158,28.964
2001-04-12,5.437,-7.699,36.04,29.508
2001-04-13,6.251,-7.962,35.962,29.755
2001-04-14,6.612,-8.496,35.387,29.75
2001-04-15,7.134,-9.099,34.568,29.613
2001-04-16,8.265,-8.73,34.452,30.135
2001-04-17,6.706,-10.015,34.255,30.204
2001-04-18,5.98,-11.293,32.399,28.976
2001-04-19,4.026,-14.565,32.758,28.512
2001-04-20,3.666,-15.071,31.431,28.915
2001-04-21,2.515,-14.492,32.318,29.305
2001-04-22,1.082,-14.03,32.069,28.123
2001-04-23,0.593,-14.921,31.355,27.723
2001-04-24,1.042,-15.462,32.066,29.33
2001-04-25,1.437,-17.153,30.981,29.895
2001-04-26,0.103,-17.877,31.259,29.431
2001-04-27,-0.717,-17.877,31.217,28.176
2001-04-28,1.197,-19.087,30.162,27.183
2001-04-29,0.525,-18.909,30.528,28.104
2001-04-30,-0.229,-19.769,30.082,26.249
2001-05-01,1.217,-21.636,28.945,25.771
2001-05-02,2.022,-20.466,28.341,25.89
2001-05-03,1.938,-21.0,26.259,24.877
2001-05-04,1.605,-20.68,27.404,25.415
2001-05-05,2.14,-18.145,29.106,26.245
2001-05-06,3.698,-18.474,29.302,27.313
2001-05-07,4.207,-19.259,28.58,28.193
2001-05-08,3.558,-20.226,27.476,27.839
2001-05-09,4.597,-20.722,28.64,29.017
2001-05-10,4.913,-19.884,29.171,31.616
2001-05-11,4.666,-19.126,28.978,31.279
2001-05-12,5.325,-19.85,29.552,30.024
2001-05-13,5.512,-19.896,29.079,30.574
2001-05-14,6.435,-19.473,29.051,31.029
2001-05-15,6.31,-17.493,29.525,31.94
2001-05-16,7.112,-18.131,27.816,32.384
2001-05-17,8.217,-20.106,27.727,34.293
2001-05-18,6.859,-20.04,27.144,33.72
2001-05-19,5.67,-19.629,28.338,34.21
2001-05-20,6.448,-18.715,26.465,33.115
2001-05-21,6.22,-19.845,25.803,32.996
2001-05-22,6.493,-20.369,25.398,33.075
2001-05-23,6.083,-21.471,24.192,31.878
2001-05-24,7.234,-21.435,24.311,32.475
2001-05-25,7.468,-20.187,24.025,31.013
2001-05-26,7.94,-20.523,24.0,31.561
2001-05-27,7.544,-20.64,24.84,31.41
2001-05-28,6.753,-20.941,25.773,31.516
2001-05-29,7.564,-21.706,24.786,31.756
2001-05-30,9.089,-21.637,24.853,31.39
2001-05-31,8.468,-22.739,27.187,30.951
2001-06-01,7.18,-21.951,28.434,30.678
2001-06-02,7.504,-20.734,28.392,31.12
2001-06-03,7.416,-19.664,27.941,32.405
2001-06-04,7.161,-20.919,29.006,33.778
2001-06-05,8.253,-21.092,31.151,33.764
2001-06-06,9.067,-21.705,30.234,33.308
2001-06-07,9.19,-22.084,31.328,35.128
2001-06-08,9.357,-21.631,33.264,36.932
2001-06-09,7.468,-20.488,34.145,36.522
2001-06-10,9.446,-22.179,35.715,36.217
2001-06-11,11.321,-25.037,34.04,34.175
2001-06-12,11.614,-24.772,32.976,34.56
2001-06-13,11.122,-26.02,35.901,34.268
2001-06-14,11.291,-26.205,35.414,33.886
2001-06-15,11.633,-25.709,35.128,34.274
2001-06-16,11.948,-25.767,34.914,35.085
2001-06-17,11.281,-24.913,33.735,36.087
2001-06-18,12.14,-24.316,33.851,36.785
2001-06-19,12.606,-25.815,35.884,37.579
2001-06-20,10.78,-25.333,37.311,37.985
2001-06-21,12.202,-24.919,36.741,36.909
2001-06-22,13.15,-25.383,34.602,36.467
2001-06-23,12.396,-24.105,35.943,36.065
2001-06-24,12.717,-25.459,35.118,35.552
2001-06-25,13.305,-24.38,36.784,34.426
2001-06-26,13.565,-26.225,37.209,33.213
2001-06-27,11.764,-27.555,37.585,33.73
2001-06-28,12.445,-27.269,38.391,35.399
2001-06-29,12.969,-25.619,38.933,34.183
2001-06-30,12.665,-25.438,38.652,33.106
2001-07-01,11.669,-25.893,39.515,33.815
2001-07-02,10.403,-25.592,40.115,33.789
2001-07-03,12.125,-24.235,38.999,34.412
2001-07-04,11.362,-24.141,39.251,33.85
2001-07-05,11.049,-24.216,40.414,33.716
2001-07-06,11.343,-23.412,40.505,33.421
2001-07-07,11.352,-25.67,40.069,35.36
2001-07-08,11.19,-25.436,39.707,35.042
2001-07-09,12.32,-25.054,39.468,35.11
2001-07-10,11.796,-24.405,41.243,35.581
2001-07-11,12.16,-23.924,42.804,36.055
2001-07-12,11.962,-24.847,43.777,35.918
2001-07-13,12.552,-25.286,45.296,36.827
2001-07-14,13.548,-24.873,44.955,36.923
2001-07-15,13.004,-25.786,45.835,36.679
2001-07-16,13.936,-26.607,46.835,36.353
2001-07-17,14.337,-26.246,46.856,37.481
2001-07-18,12.152,-26.022,46.226,36.783
2001-07-19,13.183,-25.617,45.438,37.254
2001-07-20,13.953,-24.924,44.995,37.512
2001-07-21,12.087,-25.329,44.941,37.89
2001-07-22,11.477,-23.495,44.298,39.262
2001-07-23,11.261,-23.363,44.597,41.037
2001-07-24,11.092,-21.228,44.223,40.653
2001-07-25,10.65,-20.491,45.269,42.033
2001-07-26,9.547,-18.948,44.735,41.466
2001-07-27,8.754,-17.812,44.367,39.914
2001-07-28,7.839,-16.132,43.537,39.944
2001-07-29,6.689,-13.574,44.078,39.524
2001-07-30,8.166,-14.323,45.805,39.199
2001-07-31,7.939,-14.072,45.647,39.489
2001-08-01,6.372,-13.845,47.191,40.204
2001-08-02,5.587,-13.501,47.296,39.662
2001-08-03,6.3,-14.24,45.863,40.231
2001-08-04,7.396,-14.239,45.71,40.073
2001-08-05,6.776,-13.262,47.04,41.293
2001-08-06,7.395,-13.143,47.056,40.132
2001-08-07,7.998,-12.78,46.727,38.158
2001-08-08,9.05,-12.632,45.299,39.608
2001-08-09,10.103,-14.604,44.948,39.927
2001-08-10,9.583,-14.458,46.696,39.993
2001-08-11,10.053,-14.447,46.369,39.011
2001-08-12,10.647,-14.234,45.674,37.532
2001-08-13,8.633,-15.702,45.616,37.42
2001-08-14,7.985,-16.297,46.676,36.269
2001-08-15,7.887,-16.416,48.472,37.708
2001-08-16,7.921,-15.953,49.582,38.323
2001-08-17,7.359,-15.603,48.838,38.146
2001-08-18,6.557,-13.322,47.656,38.068
2001-08-19,6.898,-14.002,47.537,38.313
2001-08-20,6.43,-13.977,46.617,38.805
2001-08-21,6.463,-14.764,48.31,37.311
2001-08-22,5.693,-14.423,46.468,37.334
2001-08-23,6.455,-13.066,45.345,37.518
2001-08-24,5.17,-12.121,46.563,36.921
2001-08-25,4.474,-10.638,47.801,37.631
2001-08-26,4.999,-12.142,48.494,38.284
2001-08-27,5.065,-11.515,47.26,37.57
2001-08-28,4.915,-11.404,49.04,36.482
2001-08-29,2.979,-13.15,49.885,36.872
2001-08-30,4.078,-13.904,48.456,36.03
2001-08-31,3.418,-15.77,48.166,37.298
2001-09-01,3.152,-16.397,49.821,37.616
2001-09-02,2.987,-15.735,50.799,36.597
2001-09-03,4.882,-15.238,51.826,36.06
2001-09-04,5.289,-15.476,51.473,34.47
2001-09-05,4.324,-14.899,50.944,35.199
2001-09-06,4.226,-16.021,51.752,35.427
2001-09-07,4.587,-14.893,53.253,35.811
2001-09-08,5.429,-13.542,54.115,35.529
2001-09-09,5.414,-13.676,53.328,35.949
2001-09-10,6.745,-13.359,51.046,35.448
2001-09-11,6.137,-12.307,51.099,37.565
2001-09-12,5.676,-12.194,50.332,39.119
2001-09-13,6.12,-11.993,51.822,37.376
2001-09-14,5.624,-12.456,52.732,37.278
2001-09-15,5.051,-13.525,52.102,37.171
2001-09-16,5.116,-14.335,52.021,36.185
2001-09-17,5.187,-13.492,52.301,37.375
2001-09-18,4.859,-15.064,53.451,37.909
2001-09-19,4.721,-16.828,54.71,38.837
2001-09-20,4.757,-17.014,52.948,42.132
2001-09-21,5.506,-17.796,53.839,44.029
2001-09-22,3.581,-16.672,54.146,43.11
2001-09-23,3.265,-16.066,53.526,44.049
2001-09-24,2.812,-16.947,53.005,45.353
2001-09-25,2.138,-17.656,51.623,45.575
2001-09-26,3.869,-20.532,51.111,46.214
2001-09-27,4.103,-19.56,48.58,46.315
2001-09-28,6.003,-20.061,47.672,47.174
2001-09-29,5.835,-19.6,48.275,46.443
2001-09-30,5.86,-19.839,49.677,47.888
2001-10-01,6.69,-19.468,49.624,46.684
2001-10-02,8.583,-19.639,47.948,45.512
2001-10-03,9.77,-18.966,47.906,47.06
2001-10-04,8.921,-18.012,47.328,47.858
2001-10-05,9.764,-17.316,47.513,47.064
2001-10-06,8.925,-17.034,47.516,47.04
2001-10-07,10.78,-16.133,47.993,47.138
2001-10-08,11.356,-17.351,46.792,45.247
2001-10-09,11.854,-17.341,47.679,45.49
2001-10-10,10.942,-18.258,48.734,44.688
2001-10-11,11.037,-20.117,48.735,43.679
2001-10-12,11.907,-19.673,49.409,45.567
2001-10-13,12.483,-20.499,50.082,43.382
2001-10-14,11.522,-20.845,50.229,43.78
2001-10-15,13.176,-21.316,49.875,44.863
2001-10-16,13.073,-22.732,49.309,44.229
2001-10-17,15.542,-22.511,48.658,43.184
2001-10-18,13.146,-22.417,47.277,43.157
2001-10-19,11.311,-22.486,48.189,43.045
2001-10-20,8.988,-22.923,47.054,43.031
2001-10-21,8.245,-23.104,46.591,44.122
2001-10-22,7.152,-23.574,46.487,43.768
2001-10-23,6.064,-21.82,47.031,45.04
2001-10-24,5.159,-23.345,47.306,44.258
2001-10-25,4.334,-23.874,49.075,44.692
2001-10-26,5.229,-25.739,49.477,43.164
2001-10-27,5.076,-25.597,47.836,42.273
2001-10-28,4.607,-26.376,47.694,43.452
2001-10-29,4.637,-27.144,46.532,45.176
2001-10-30,6.105,-28.524,46.827,45.257
2001-10-31,5.456,-28.692,47.704,44.661
2001-11-01,7.659,-30.105,47.019,45.185
2001-11-02,7.978,-29.061,46.676,44.218
2001-11-03,7.1,-30.389,46.014,44.012
2001-11-04,7.498,-31.823,46.139,43.229
2001-11-05,7.129,-33.175,45.955,43.139
2001-11-06,5.96,-34.07,47.535,43.02
2001-11-07,6.202,-31.69,47.123,44.193
2001-11-08,7.453,-32.171,46.903,44.478
2001-11-09,6.421,-31.851,47.818,46.144
2001-11-10,6.53,-30.481,45.644,45.036
2001-11-11,6.358,-28.88,45.373,45.075
2001-11-12,8.024,-31.221,45.299,45.78
2001-11-13,8.071,-32.99,44.263,45.027
2001-11-14,9.23,-33.015,43.688,44.544
2001-11-15,7.693,-33.64,43.619,44.194
2001-11-16,7.637,-34.056,43.549,43.862
2001-11-17,8.516,-32.52,43.621,44.757
2001-11-18,8.798,-32.38,43.639,45.508
2001-11-19,8.778,-32.72,45.442,44.842
2001-11-20,9.507,-31.575,46.711,43.608
2001-11-21,9.17,-30.966,44.498,43.888
2001-11-22,9.835,-32.696,44.325,44.189
2001-11-23,9.711,-32.716,44.664,44.827
2001-11-24,9.495,-31.784,43.212,44.683
2001-11-25,9.657,-31.33,43.935,44.826
2001-11-26,10.194,-29.629,42.689,45.975
2001-11-27,10.517,-30.597,44.277,45.721
2001-11-28,11.743,-31.452,44.205,45.675
2001-11-29,12.287,-31.199,44.498,43.629
2001-11-30,13.298,-30.29,45.338,43.561
2001-12-01,13.355,-29.611,46.47,44.111
2001-12-02,11.309,-31.393,46.428,44.788
2001-12-03,10.271,-31.291,46.722,45.323
2001-12-04,9.937,-31.711,45.523,43.732
2001-12-05,9.386,-32.236,45.819,43.488
2001-12-06,8.918,-33.247,45.799,44.887
2001-12-07,9.617,-33.68,47.295,45.236
2001-12-08,10.703,-31.406,45.245,46.02
2001-12-09,11.378,-31.498,46.401,46.003
2001-12-10,11.193,-32.046,46.511,47.453
2001-12-11,11.751,-31.815,47.204,47.862
2001-12-12,11.137,-31.743,45.632,47.153
2001-12-13,10.573,-31.745,45.944,46.438
2001-12-14,9.804,-32.736,44.021,48.778
2001-12-15,9.073,-32.35,43.383,49.835
2001-12-16,8.657,-32.928,43.605,50.409
2001-12-17,8.265,-31.093,45.874,51.333
2001-12-18,8.303,-30.205,44.189,51.863
2001-12-19,9.221,-31.637,42.628,50.191
2001-12-20,9.085,-30.963,43.474,49.054
2001-12-21,10.021,-30.928,43.782,48.924
2001-12-22,10.228,-32.81,42.922,50.559
2001-12-23,11.924,-34.786,42.13,48.052
2001-12-24,12.487,-35.968,41.971,47.412
2001-12-25,11.595,-35.693,43.511,45.704
2001-12-26,12.37,-35.546,44.404,48.103
2001-12-27,13.489,-36.568,44.093,49.01
2001-12-28,11.585,-36.98,42.719,48.331
2001-12-29,13.006,-37.342,42.31,48.825
2001-12-30,12.882,-35.744,43.046,50.502
2001-12-31,13.407,-35.651,42.095,51.951
2002-01-01,14.121,-36.667,41.95,52.812
2002-01-02,12.292,-35.419,42.719,52.93
2002-01-03,11.731,-34.903,41.635,53.134
2002-01-04,11.899,-33.816,41.943,52.221
2002-01-05,12.829,-34.187,42.863,53.988
2002-01-06,12.086,-33.064,41.581,54.542
2002-01-07,10.913,-33.424,39.674,51.561
2002-01-08,9.877,-33.088,38.402,50.67
2002-01-09,11.522,-33.015,38.407,51.254
2002-01-10,11.687,-33.836,36.688,52.59
2002-01-11,10.371,-32.968,35.994,54.26
2002-01-12,9.478,-33.206,36.629,54.227
2002-01-13,9.568,-33.055,35.839,54.736
2002-01-14,9.678,-31.896,35.766,54.692
2002-01-15,9.993,-32.763,35.67,54.278
2002-01-16,9.665,-32.203,34.101,54.348
2002-01-17,10.431,-30.008,34.206,55.101
2002-01-18,11.31,-31.259,30.764,55.767
2002-01-19,9.979,-31.506,31.581,56.109
2002-01-20,10.709,-32.685,31.685,57.559
2002-01-21,10.404,-33.03,34.933,58.608
2002-01-22,10.424,-33.444,36.26,58.965
2002-01-23,9.855,-32.711,35.451,58.008
2002-01-24,6.783,-32.442,36.642,58.195
2002-01-25,6.359,-31.753,36.901,57.73
2002-01-26,8.071,-30.455,36.215,56.946
2002-01-27,9.83,-28.533,36.127,56.284
2002-01-28,10.214,-29.236,34.307,56.762
2002-01-29,8.802,-31.536,34.196,56.219
2002-01-30,6.907,-29.515,34.609,54.701
2002-01-31,7.292,-29.069,34.977,54.822
2002-02-01,7.746,-28.083,34.743,53.801
2002-02-02,8.429,-26.865,35.056,53.261
2002-02-03,7.17,-29.134,34.228,53.17
2002-02-04,7.979,-29.86,34.112,54.091
2002-02-05,7.288,-30.592,33.962,54.985
2002-02-06,7.264,-31.016,35.018,54.849
2002-02-07,7.736,-29.221,35.606,55.235
2002-02-08,6.689,-27.636,35.373,55.949
2002-02-09,6.188,-27.756,35.901,57.536
2002-02-10,4.401,-26.731,35.765,57.747
2002-02-11,4.932,-28.799,35.461,58.786
2002-02-12,4.567,-29.79,35.409,56.265
2002-02-13,4.283,-28.944,34.647,55.308
2002-02-14,3.22,-29.728,35.761,55.527
2002-02-15,3.516,-30.435,34.66,54.08
2002-02-16,3.283,-31.274,35.37,53.9
2002-02-17,4.388,-31.459,36.204,52.646
2002-02-18,5.463,-30.833,36.317,51.474
2002-02-19,6.276,-30.653,35.639,50.494
2002-02-20,6.664,-31.754,35.477,49.868
2002-02-21,5.676,-31.52,36.465,49.641
2002-02-22,5.884,-31.008,38.01,48.867
2002-02-23,5.656,-31.654,36.509,48.423
2002-02-24,6.027,-29.291,37.246,47.054
2002-02-25,4.602,-30.825,39.043,48.001
2002-02-26,4.64,-30.331,38.92,48.28
2002-02-27,4.32,-30.155,39.473,48.114
2002-02-28,4.38,-29.533,38.586,47.915
2002-03-01,3.944,-28.705,39.626,47.507
2002-03-02,4.977,-29.02,39.086,48.058
2002-03-03,5.388,-29.293,39.69,51.959
2002-03-04,7.764,-28.003,38.14,51.934
2002-03-05,7.987,-26.335,37.037,51.203
2002-03-06,9.286,-27.887,37.56,50.018
2002-03-07,8.183,-25.263,37.788,49.717
2002-03-08,7.768,-24.301,37.257,47.54
2002-03-09,8.325,-23.702,35.934,48.135
2002-03-10,9.502,-23.756,35.66,49.217
2002-03-11,9.108,-23.273,35.576,47.891
2002-03-12,9.559,-25.217,35.643,48.19
2002-03-13,10.324,-25.763,35.959,46.487
2002-03-14,11.249,-23.958,36.805,47.762
2002-03-15,11.538,-24.413,37.047,47.249
2002-03-16,11.944,-24.969,37.755,44.439
2002-03-17,12.238,-25.417,39.77,44.668
2002-03-18,11.894,-23.927,39.979,46.142
2002-03-19,10.263,-24.473,40.831,45.12
2002-03-20,10.883,-25.124,40.281,45.319
2002-03-21,12.112,-26.686,41.053,46.694
2002-03-22,11.322,-24.859,41.528,46.929
2002-03-23,11.162,-26.244,40.684,46.999
2002-03-24,10.8,-27.34,39.079,47.384
2002-03-25,11.805,-26.943,39.654,47.309
2002-03-26,12.536,-26.513,39.904,47.984
2002-03-27,12.547,-28.492,41.131,47.676
2002-03-28,13.099,-26.296,40.818,46.865
2002-03-29,10.88,-25.535,42.685,47.181
2002-03-30,10.377,-25.851,42.255,47.499
2002-03-31,10.066,-27.014,43.454,49.66
2002-04-01,8.921,-27.789,42.356,50.73
2002-04-02,8.732,-28.553,41.756,50.117
2002-04-03,8.66,-28.464,42.292,49.866
2002-04-04,7.599,-27.46,40.614,51.557
2002-04-05,7.789,-26.607,40.069,51.569
2002-04-06,8.144,-26.814,39.242,52.883
2002-04-07,7.398,-25.817,38.772,52.326
2002-04-08,6.652,-25.21,38.934,51.377
2002-04-09,6.344,-25.054,40.058,51.535
2002-04-10,5.991,-24.927,38.884,52.024
2002-04-11,5.151,-27.885,38.644,51.338
2002-04-12,4.374,-27.455,39.715,52.041
2002-04-13,3.905,-26.475,38.67,52.934
2002-04-14,5.272,-26.715,38.338,53.897
2002-04-15,5.741,-26.841,36.294,54.614
2002-04-16,4.982,-26.684,35.349,54.856
2002-04-17,4.787,-26.682,36.02,54.372
2002-04-18,4.158,-26.674,36.421,55.231
2002-04-19,3.701,-25.794,34.417,54.39
2002-04-20,4.454,-26.144,35.199,54.942
2002-04-21,2.363,-25.76,34.306,54.369
2002-04-22,0.642,-25.948,33.969,53.393
2002-04-23,1.611,-26.287,34.364,53.009
2002-04-24,2.968,-24.329,32.531,51.852
2002-04-25,1.445,-23.997,32.916,53.392
2002-04-26,2.108,-23.218,32.146,54.089
2002-04-27,2.774,-23.571,32.859,53.069
2002-04-28,2.36,-24.934,32.96,54.225
2002-04-29,0.297,-24.945,34.111,54.124
2002-04-30,0.487,-24.827,37.119,57.859
2002-05-01,-1.726,-24.894,38.004,58.316
2002-05-02,-1.59,-26.423,37.73,58.372
2002-05-03,-0.474,-28.043,37.744,56.854
2002-05-04,-0.837,-30.253,38.806,56.882
2002-05-05,-2.025,-30.935,41.463,57.721
2002-05-06,-2.641,-29.708,40.683,58.101
2002-05-07,-3.09,-30.846,41.031,57.406
2002-05-08,-4.34,-30.149,40.859,56.905
2002-05-09,-3.237,-29.729,40.797,56.869
2002-05-10,-3.946,-30.174,41.027,57.501
2002-05-11,-4.804,-32.582,39.835,58.384
2002-05-12,-3.697,-33.137,39.683,59.951
2002-05-13,-2.809,-33.384,39.256,57.97
2002-05-14,-4.852,-33.248,39.768,57.313
2002-05-15,-2.631,-34.748,40.684,56.279
2002-05-16,-2.507,-33.601,40.017,55.987
2002-05-17,-2.453,-34.653,40.534,55.628
2002-05-18,-3.286,-35.286,41.502,55.569
2002-05-19,-4.541,-36.291,42.191,55.884
2002-05-20,-4.632,-36.617,43.484,56.816
2002-05-21,-3.404,-34.971,43.091,57.426
2002-05-22,-4.76,-35.205,43.57,58.6
2002-05-23,-5.156,-33.335,44.897,60.748
2002-05-24,-4.733,-33.889,44.918,60.164
2002-05-25,-5.973,-34.246,44.59,60.96
2002-05-26,-5.378,-34.434,45.775,61.185
2002-05-27,-5.263,-35.659,46.219,59.637
2002-05-28,-3.366,-36.274,44.388,60.133
2002-05-29,-4.606,-36.876,43.488,59.783
2002-05-30,-4.446,-37.43,43.63,62.173
2002-05-31,-3.631,-36.313,44.705,62.209
2002-06-01,-4.181,-36.189,45.43,62.194
2002-06-02,-4.207,-35.9,46.903,62.171
2002-06-03,-5.362,-37.109,45.823,63.082
2002-06-04,-5.637,-38.382,45.627,61.823
2002-06-05,-5.738,-40.292,44.926,61.509
2002-06-06,-5.467,-40.742,45.787,61.806
2002-06-07,-4.691,-41.139,46.163,61.235
2002-06-08,-4.371,-41.263,44.492,61.538
2002-06-09,-3.507,-42.812,45.345,63.46
2002-06-10,-2.536,-43.235,46.113,63.226
2002-06-11,-2.513,-43.474,45.209,64.447
2002-06-12,-3.046,-43.098,45.9,65.666
2002-06-13,-3.577,-42.569,45.875,66.515
2002-06-14,-1.49,-43.906,44.787,64.129
2002-06-15,-3.745,-43.123,45.39,64.058
2002-06-16,-3.56,-42.126,44.166,65.306
2002-06-17,-2.504,-43.547,42.031,64.969
2002-06-18,-3.057,-43.887,41.178,65.697
2002-06-19,-3.145,-41.942,41.926,63.944
2002-06-20,-5.004,-41.501,42.996,63.857
2002-06-21,-3.808,-42.095,41.831,62.456
2002-06-22,-3.167,-42.584,41.508,62.203
2002-06-23,-2.679,-41.962,42.145,61.204
2002-06-24,-4.079,-42.067,42.775,62.489
2002-06-25,-4.284,-42.278,42.004,62.489
2002-06-26,-1.826,-42.323,41.783,59.961
2002-06-27,-1.877,-42.544,41.943,59.497
2002-06-28,-3.352,-42.646,40.742,58.529
2002-06-29,-2.057,-43.194,40.239,59.355
2002-06-30,-2.195,-42.642,41.808,60.391
2002-07-01,-2.541,-42.863,41.672,60.242
2002-07-02,-2.56,-43.795,39.087,58.84
2002-07-03,-2.281,-43.881,38.141,58.073
2002-07-04,-0.727,-43.223,37.104,57.682
2002-07-05,-1.984,-42.945,39.722,56.835
2002-07-06,-1.313,-41.9,38.762,57.403
2002-07-07,-1.24,-43.366,36.391,56.108
2002-07-08,-0.702,-41.841,36.201,56.516
2002-07-09,0.601,-41.023,36.126,57.297
2002-07-10,0.207,-41.217,36.699,59.141
2002-07-11,-1.034,-40.859,36.96,57.477
2002-07-12,-1.345,-42.298,37.274,56.263
2002-07-13,-1.982,-43.054,37.912,57.297
2002-07-14,-1.643,-42.347,37.136,58.001
2002-07-15,-1.087,-43.696,37.49,58.075
2002-07-16,-0.97,-44.501,37.673,57.297
2002-07-17,-2.369,-42.537,35.667,57.27
2002-07-18,-3.968,-44.752,35.933,57.99
2002-07-19,-4.442,-44.967,37.369,57.16
2002-07-20,-2.77,-45.737,35.792,55.617
2002-07-21,-3.184,-46.851,34.79,55.214
2002-07-22,-5.137,-46.687,35.861,54.99
2002-07-23,-5.278,-45.584,35.488,54.362
2002-07-24,-4.172,-45.589,35.092,54.372
2002-07-25,-5.167,-44.645,37.191,56.44
2002-07-26,-6.379,-44.133,37.546,55.65
2002-07-27,-6.894,-44.428,37.849,55.774
2002-07-28,-5.373,-44.283,36.993,55.627
2002-07-29,-4.42,-44.269,37.139,55.737
2002-07-30,-5.091,-45.116,38.621,55.772
2002-07-31,-4.468,-45.256,38.976,56.1
2002-08-01,-3.9,-44.586,38.026,55.128
2002-08-02,-5.58,-44.65,36.588,55.339
2002-08-03,-3.9,-44.989,36.247,57.514
2002-08-04,-2.405,-45.527,37.282,56.401
2002-08-05,-3.212,-45.861,37.692,57.581
2002-08-06,-2.304,-47.402,37.251,57.07
2002-08-07,-1.221,-48.675,37.066,57.123
2002-08-08,-3.969,-49.712,35.543,56.788
2002-08-09,-4.778,-47.859,37.95,56.684
2002-08-10,-4.075,-48.325,38.657,56.5
2002-08-11,-2.689,-47.369,37.71,55.953
2002-08-12,-3.41,-47.254,38.872,54.986
2002-08-13,-3.236,-46.6,39.523,56.191
2002-08-14,-4.125,-46.122,39.776,55.891
2002-08-15,-5.527,-45.92,40.335,56.363
2002-08-16,-5.861,-44.229,40.006,55.525
2002-08-17,-5.946,-44.588,41.144,53.343
2002-08-18,-6.549,-45.618,42.602,53.05
2002-08-19,-7.709,-45.134,43.044,53.057
2002-08-20,-9.372,-46.261,44.366,52.227
2002-08-21,-12.661,-47.244,42.208,52.087
2002-08-22,-13.25,-46.12,41.458,50.446
2002-08-23,-12.974,-45.326,43.234,50.056
2002-08-24,-12.082,-44.988,43.994,50.183
2002-08-25,-12.859,-45.053,44.943,48.264
2002-08-26,-13.528,-45.896,44.57,49.032
2002-08-27,-14.456,-45.263,44.057,47.464
2002-08-28,-15.208,-45.296,44.285,47.627
2002-08-29,-15.04,-47.414,44.404,47.383
2002-08-30,-13.64,-47.08,45.274,47.06
2002-08-31,-15.17,-46.793,47.655,47.07
2002-09-01,-12.966,-47.293,46.882,46.698
2002-09-02,-12.956,-46.942,46.698,47.537
2002-09-03,-12.877,-48.089,46.224,46.413
2002-09-04,-13.074,-49.015,47.267,45.734
2002-09-05,-11.552,-48.987,45.996,43.967
2002-09-06,-10.484,-51.278,46.439,44.625
2002-09-07,-11.287,-51.371,46.419,43.793
2002-09-08,-10.874,-50.55,46.691,43.115
2002-09-09,-11.551,-51.169,46.182,43.198
2002-09-10,-11.666,-50.573,47.548,43.489
2002-09-11,-9.296,-51.243,48.278,44.105
2002-09-12,-9.655,-50.658,49.451,42.475
2002-09-13,-10.626,-50.357,50.204,42.743
2002-09-14,-10.276,-49.024,49.551,43.573
2002-09-15,-10.454,-49.151,50.876,42.461
2002-09-16,-9.582,-50.734,48.639,42.029
2002-09-17,-9.47,-51.319,49.573,42.151
2002-09-18,-9.1,-52.566,50.354,44.388
2002-09-19,-9.498,-53.584,50.912,43.163
2002-09-20,-10.702,-52.81,51.003,41.451
2002-09-21,-11.932,-52.296,49.76,41.547
2002-09-22,-11.692,-52.807,46.61,43.465
2002-09-23,-10.645,-52.778,46.088,43.912
2002-09-24,-10.462,-54.212,45.345,45.536
2002-09-25,-9.555,-55.654,45.141,46.263
2002-09-26,-7.334,-57.328,45.591,46.847
